mkt_name,mkt_sh,country_name,oegc_name,oegc_ctry_name,oegc_loc_code,mkt_geocode_friendly,oe_gct_name,oe_gct_location_code,oe_nacities_name,oe_nacities_location_code,note
A Coruna,,Spain,A Coruna - Metro,Spain,ES026C,,,,,,
Aachen,,Germany,Aachen - Metro,Germany,DE507C,,,,,,
Aarhus,,Denmark,Aarhus - Metro,Denmark,DK002C,,,,,,
Aba,,Nigeria,Aba,Nigeria,NGA010,,,,,,
Abeokuta,,Nigeria,Abeokuta,Nigeria,NGA015,,,,,,
Aberdeen,,United Kingdom,Aberdeen - Metro,United Kingdom,UK016C,,Aberdeen (UK),GBR_ABD,,,
Abidjan,,Cote d'Ivoire,Abidjan,Côte d'Ivoire,CIV001,,,,,,
Abu Dhabi,abdhb,United Arab Emirates,Abu Dhabi,UAE,ARE1C,,Abu Dhabi (AE),ARE_AUH,,,
Abuja,,Nigeria,Abuja,Nigeria,NGA004,,Abuja (NG),NGA_ABV,,,
Acapulco,,Mexico,Acapulco,Mexico,MEXGC,,Acapulco (MX),MEX_ACA,,,
Accra,,Ghana,Accra,Ghana,GHA001,,,,,,
Adana,,Turkey,Adana - Metro,Turkey,TR_05,,,,,,
Adapazarı,,Turkey,Adapazarı - Metro,Turkey,TR_14,,,,,,
Addis Ababa,,Ethiopia,Addis Ababa,Ethiopia,ETH001,,,,,,
Adelaide,,Australia,Adelaide,Australia,AUS_05,,Adelaide (AU),AUS_ADL,,,
Agadir,,Morocco,Agadir,Morocco,MAR006,,,,,,
Agra,,India,Agra,India,IND062,,Agra (IN),IND_AGR,,,
Aguascalientes,,Mexico,Aguascalientes,Mexico,MEX8C,,,,,,
Ahmedabad,,India,Ahmedabad,India,IND012,,Ahmadabad (IN),IND_ADC,,,
Ahvaz,,Iran,Ahvaz,Iran,IRN001,,,,,,
Aichi,,Japan,Nagoya (Chukyo MMA),Japan,JPN_03,,Aichi (JP),JPN_NGO,,,"The GC name refers to Nagoya, a major city"
"Akron, OH",,United States,"Akron, OH",United States,USM101,,,,"Akron, OH",M101,
"Albany-Schenectady-Troy, NY",,United States,"Albany-Schenectady-Troy, NY",United States,USM64,,,,"Albany-Schenectady-Troy, NY",M64,
"Albuquerque, NM",,United States,"Albuquerque, NM",United States,USM65,,,,"Albuquerque, NM",M65,
Alexandria,,Egypt,Alexandria,Egypt,EGY002,,,,,,
Algiers,,Algeria,Algiers,Algeria,DZA001,,,,,,
Alicante,,Spain,Alicante - Metro,Spain,ES021C,,,,,,
Aligarh,,India,Aligarh,India,IND063,,,,,,
Allahabad,,India,Allahabad,India,IND064,,,,,,
"Allentown-Bethlehem-Easton, PA-NJ",,United States,"Allentown-Bethlehem-Easton, PA-NJ",United States,USM57,,,,"Allentown-Bethlehem-Easton, PA-NJ",M57,
Al-Mansura,,Egypt,El-Mansoura,Egypt,EGY006,,,,,,
Almaty,,Kazakhstan,Almaty,Kazakhstan,KAZ001,,Almaty (KZ),KAZ_ALA,,,
Amman,,Jordan,Amman,Jordan,JOR001,,Amman (JO),JOR_AMM,,,
Amravati,,India,Amravati,India,IND037,,,,,,
Amritsar,,India,Amritsar,India,IND049,,,,,,
Amsterdam,amstr,Netherlands,Amsterdam - Metro,Netherlands,NL002C,,Amsterdam (NL),NLD_AMS,,,
Anaheim,orgca,United States,,,,,,,Anaheim-Santa Ana-Irvine MSAD,M10A,
Ankara,,Turkey,Ankara - Metro,Turkey,TR_02,,Ankara (TR),TUR_ANK,,,
"Anqing, Anhui",,China,"Anqing, Anhui",China,CHNC8,,,,,,
"Anshan, Liaoning",,China,"Anshan, Liaoning",China,CHN63,,,,,,
Antalya,,Turkey,Antalya - Metro,Turkey,TR_08,,Antalya (TR),TUR_AYT,,,
Antananarivo,,Madagascar,Antananarivo,Madagascar,MDG001,,,,,,
Antipolo,,Philippines,Antipolo,Philippines,PHL6_7C,,,,,,
Antwerp,,Belgium,Antwerp - Metro,Belgium,BE002C,,Antwerp (BE),BEL_ANR,,,
"Anyang, Henan",,China,"Anyang, Henan",China,CHNG5,,,,,,
Aracaju RM,,Brazil,Aracaju RM,Brazil,BRAQ1,,,,,,
Arequipa,,Peru,Arequipa,Peru,PER4C,,,,,,
Arusha,,Tanzania,Arusha,Tanzania,TZA002,,,,,,
Asansol,,India,Asansol,India,IND073,,,,,,
Ashgabat,,Turkmenistan,Ashgabat,Turkmenistan,TKM001,,,,,,
Asmara,,Eritrea,Asmara,Eritrea,ERI001,,,,,,
Astana,,Kazakhstan,Nur-Sultan,Kazakhstan,KAZ002,,,,,,
Astrakhan,,Russian Federation,Astrakhan,Russia,RU_31,,,,,,
Asunción,,Paraguay,Asunción,Paraguay,PRY001,,,,,,
Athens,athns,Greece,Athens - Metro,Greece,EL001C,,Athens (GR),GRC_ATH,,,
Atlanta,atlga,United States,"Atlanta-Sandy Springs-Roswell, GA",United States,USM01,,"Atlanta, GA (US)",USA_AZI,"Atlanta-Sandy Springs-Roswell, GA",M01,
Auckland,,New Zealand,Auckland,New Zealand,NZL2,,Auckland (NZ),NZL_AKL,,,
Augsburg,,Germany,Augsburg - Metro,Germany,DE033C,,,,,,
Aurangabad,,India,Aurangabad,India,IND038,,,,,,
Austin,asttx,United States,"Austin-Round Rock, TX",United States,USM31,,"Austin, TX (US)",USA_AUS,"Austin-Round Rock, TX",M31,
Bacolod,,Philippines,Bacolod,Philippines,PHL9C,,,,,,
Baghdad,,Iraq,Baghdad,Iraq,IRQ003,,Baghdad (IQ),IRQ_BGW,,,
Baixada Santista RM,,Brazil,Baixada Santista RM,Brazil,BRAP1,,,,,,
"Bakersfield, CA",,United States,"Bakersfield, CA",United States,USM67,,,,"Bakersfield, CA",M67,
Baku,,Azerbaijan,Baku,Azerbaijan,AZE001,,,,,,
Baltimore,bltmd,United States,"Baltimore-Columbia-Towson, MD",United States,USM02,,"Baltimore, MD (US)",USA_BAL,"Baltimore-Columbia-Towson, MD",M02,
Bamako,,Mali,Bamako,Mali,MLI001,,,,,,
Bandar Lampung,,Indonesia,Bandar Lampung,Indonesia,IDNAC,,,,,,
Bandjarmasin,,Indonesia,Bandjarmasin,Indonesia,IDNKC,,,,,,
Bandung,,Indonesia,Bandung,Indonesia,IDNCC,,,,,,
Bangkok,,Thailand,Bangkok,Thailand,THA7,,Bangkok (TH),THA_BKK,,,
Bangui,,Central African Republic,Bangui,Central African Republic,CAF001,,,,,,
Banjul,,Gambia,Banjul,Gambia,GMB001,,,,,,
"Baoding, Hebei",,China,"Baoding, Hebei",China,CHN36,,,,,,
"Baoji, Shaanxi",,China,"Baoji, Shaanxi",China,CHNQ3,,,,,,
"Baotou, Inner Mongolia",,China,"Baotou, Inner Mongolia",China,CHN52,,,,,,
Barcelona,brcln,Spain,Barcelona - Metro,Spain,ES002C,,Barcelona (ES),ESP_BCN,,,
Bareilly,,India,Bareilly,India,IND065,,,,,,
Bari,,Italy,Bari - Metro,Italy,IT008C,,,,,,
Barnaul,,Russian Federation,Barnaul,Russia,RU_20,,,,,,
Barquisimeto,,Venezuela,Barquisimeto,Venezuela,VEN7C,,,,,,
Barranquilla,,Colombia,Barranquilla,Colombia,COL2C,,,,,,
Basel,,Switzerland,Basel - Metro,Switzerland,CH003C,,Basel (CH),CHE_BSL,,,
Batman,,Turkey,Batman - Metro,Turkey,TR_16,,,,,,
"Baton Rouge, LA",,United States,"Baton Rouge, LA",United States,USM84,,,,"Baton Rouge, LA",M84,
Beijing,bejng,China,Beijing,China,CHN1,,Beijing (CN),CHN_BJS,,,
Beira,,Mozambique,Beira,Mozambique,MOZ002,,,,,,
Beirut,,Lebanon,Beirut,Lebanon,LBN001,,Beirut (LB),LBN_BEY,,,
Belém RM,,Brazil,Belém RM,Brazil,BRAE3,,,,,,
Belfast,,United Kingdom,Belfast - Metro,United Kingdom,UK012C,,Belfast (UK),GBR_BEL,,,
Belgaum,,India,Belgaum,India,IND025,,,,,,
Belgrade,,Serbia,Belgrade,Serbia,RS_01,,Belgrade (RS),SRB_BEG,,,
Belo Horizonte RM,,Brazil,Belo Horizonte RM,Brazil,BRAD7,,Belo Horizonte (BR),BRA_BHZ,,,
Bengaluru,,India,Bengaluru,India,IND024,,Bangalore (IN),IND_BLR,,,"Bangalore, officially known as Bengaluru"
Benin City,,Nigeria,Benin City,Nigeria,NGA007,,,,,,
Bergamo,,Italy,Bergamo - Metro,Italy,IT511C,,Bergamo (IT),ITA_BGO,,,
Bergen,,Norway,Bergen - Metro,Norway,NO002C,,Bergen (NO),NOR_BGO,,,
Berlin,berln,Germany,Berlin - Metro,Germany,DE001C,,Berlin (DE),DEU_BER,,,
Bern,,Switzerland,Bern - Metro,Switzerland,CH004C,,,,,,
Bhavnagar,,India,Bhavnagar,India,IND013,,,,,,
Bhilai Nagar,,India,Bhilai Nagar,India,IND009,,,,,,
Bhopal,,India,Bhopal,India,IND033,,,,,,
Bhubaneswar,,India,Bhubaneswar,India,IND046,,,,,,
Bialystok,,Poland,Bialystok - Metro,Poland,PL011C,,,,,,
Bikaner,,India,Bikaner,India,IND052,,,,,,
Bilbao,,Spain,Bilbao - Metro,Spain,ES019C,,,,,,
"Binzhou, Shandong",,China,"Binzhou, Shandong",China,CHNFG,,,,,,
Birmingham,brmng,United Kingdom,Birmingham - Metro,United Kingdom,UK002C,,Birmingham (UK),GBR_BHM,,,
"Birmingham-Hoover, AL",,United States,"Birmingham-Hoover, AL",United States,USM51,,,,"Birmingham-Hoover, AL",M51,
Bishkek,,Kyrgyzstan,Bishkek,Kyrgyzstan,KYR001,,,,,,
Bissau,,Guinea-Bissau,Bissau,Guinea-Bissau,GNB001,,,,,,
Blantyre City,,Malawi,Blantyre City,Malawi,MWI002,,,,,,
Bloemfontein,,South Africa,Bloemfontein,South Africa,ZAF003,,,,,,
Bogotá,,Colombia,Bogotá,Colombia,COL3,,Bogotá (CO),COL_BOG,,,
"Boise City, ID",,United States,"Boise City, ID",United States,USM104,,,,"Boise City, ID",M104,
Bokaro,,India,Bokaro,India,IND020,,,,,,
Bologna,,Italy,Bologna - Metro,Italy,IT009C,,,,,,
Bonn,,Germany,Bonn - Metro,Germany,DE034C,,,,,,
Bordeaux,,France,Bordeaux - Metro,France,FR007C,,Bordeaux (FR),FRA_BOD,,,
Boston,bstma,United States,"Boston-Cambridge-Newton, MA-NH",United States,USM03,,"Boston, MA (US)",USA_BOS,"Boston-Cambridge-Newton, MA-NH - Total",M03,
Bournemouth,,United Kingdom,Bournemouth - Metro,United Kingdom,UK539C,,,,,,
"Bozhou, Anhui",,China,"Bozhou, Anhui",China,CHNCF,,,,,,
Brasília,,Brazil,Brasília,Brazil,BRA7,,Brasília (BR),BRA_BSB,,,
Bratislava,,Slovakia,Bratislava - Metro,Slovakia,SK001C,,,,,,
Braunschweig-Salzgitter Wolfsburg,,Germany,Braunschweig-Salzgitter Wolfsburg - Metro,Germany,DE083C,,,,,,
Brazzaville,,"Congo, Rep.",Brazzaville,Congo,COG001,,,,,,
Bremen,,Germany,Bremen - Metro,Germany,DE012C,,Bremen (DE),DEU_BRE,,,
"Bridgeport-Stamford-Norwalk, CT",,United States,"Bridgeport-Stamford-Norwalk, CT",United States,USM52,,,,"Bridgeport-Stamford-Norwalk, CT",M52,
Bridgetown,,Barbados,Bridgetown,Barbados,BRB001,,,,,,
Brighton and Hove,,United Kingdom,Brighton and Hove - Metro,United Kingdom,UK515C,,Brighton (UK),GBR_BSH,,,
Brisbane,,Australia,Brisbane,Australia,AUS_03,,Brisbane (AU),AUS_BNE,,,
Bristol,,United Kingdom,Bristol - Metro,United Kingdom,UK011C,,Bristol (UK),GBR_BRS,,,
Brno,,Czechia,Brno - Metro,Czech Republic,CZ002C,,,,,,
Brussels,brssl,Belgium,Brussels - Metro,Belgium,BE001C,,Brussels (BE),BEL_BRU,,,
Bucaramanga,,Colombia,Bucaramanga,Colombia,COLLC,,,,,,
Bucharest,,Romania,Bucharest - Metro,Romania,RO001C,,Bucharest (RO),ROM_BUH,,,
Budapest,bdpst,Hungary,Budapest - Metro,Hungary,HU001C,,Budapest (HU),HUN_BUD,,,
Buenos Aires,bnsrs,Argentina,Buenos Aires,Argentina,ARG1C,,Buenos Aires (AR),ARG_BUE,,,
Buffalo,bffny,United States,"Buffalo-Cheektowaga-Niagara Falls, NY",United States,USM32,,"Buffalo, NY (US)",USA_BUF,"Buffalo-Cheektowaga-Niagara Falls, NY",M32,
Bujumbura,,Burundi,Bujumbura,Burundi,BDI001,,,,,,
Bulawayo,,Zimbabwe,Bulawayo,Zimbabwe,ZWE002,,,,,,
Bursa,,Turkey,Bursa - Metro,Turkey,TR_04,,,,,,
Busan,,South Korea,Busan,South Korea,KOR2,,Busan (KR),KOR_PUS,,,
Bydgoszcz,,Poland,Bydgoszcz - Metro,Poland,PL008C,,,,,,
Caen,,France,Caen - Metro,France,FR023C,,,,,,
Cagayan de Oro,,Philippines,Cagayan de Oro,Philippines,PHL13C,,,,,,
Cairo,,Egypt,Cairo,Egypt,EGY001,,Cairo (EG),EGY_CAI,,,
Calgary,,Canada,Calgary,Canada,CANA_1,,Calgary (CA),CAN_CAL,Calgary,CANA_1,
Cali,,Colombia,Cali,Colombia,COLOC,,,,,,
Cambridge,,United Kingdom,Cambridge - Metro,United Kingdom,UK017C,,,,,,
Campo Grande,,Brazil,Campo Grande,Brazil,BRAC1,,,,,,
Can Tho,,Viet Nam,Can Tho,Vietnam,VNM5,,,,,,
Canberra,,Australia,Canberra,Australia,AUS_06,,Canberra (AU),AUS_CBR,,,
Cancun,,Mexico,Cancún,Mexico,MEXNC,,Cancún (MX),MEX_CUN,,,
"Cangzhou, Hebei",,China,"Cangzhou, Hebei",China,CHN39,,,,,,
"Cape Coral-Fort Myers, FL",,United States,"Cape Coral-Fort Myers, FL",United States,USM103,,,,"Cape Coral-Fort Myers, FL",M103,
Cape Town,,South Africa,Cape Town,South Africa,ZAF002,,Cape Town (ZA),ZAF_CPT,,,
Caracas,,Venezuela,Caracas,Venezuela,VEN1C,,Caracas (VE),VEN_CCS,,,
Cardiff,,United Kingdom,Cardiff - Metro,United Kingdom,UK009C,,Cardiff (UK),GBR_CDF,,,
Cartagena,,Colombia,Cartagena,Colombia,COL4C,,Cartagena (CO),COL_CTG,,,
Casablanca,,Morocco,Casablanca,Morocco,MAR001,,Casablanca (MA),MAR_CAS,,,
Catania,,Italy,Catania - Metro,Italy,IT010C,,,,,,
Cebu City,,Philippines,Cebu City,Philippines,PHL10C,,Cebu City (PH),PHL_CEB,,,
Chandigarh,,India,Chandigarh,India,IND008,,,,,,
"Changchun, Jilin",,China,"Changchun, Jilin",China,CHN71,,"Changchun, Jilin (CN)",CHN_CGQ,,,
"Changde, Hunan",,China,"Changde, Hunan",China,CHNI7,,,,,,
"Changsha, Hunan",,China,"Changsha, Hunan",China,CHNI1,,"Changsha, Hunan (CN)",CHN_CSX,,,
"Changzhou, Jiangsu",,China,"Changzhou, Jiangsu",China,CHNA4,,,,,,
Charleroi,,Belgium,Charleroi - Metro,Belgium,BE004C,,,,,,
"Charleston-North Charleston, SC",,United States,"Charleston-North Charleston, SC",United States,USM100,"Charleston, SC",,,"Charleston-North Charleston, SC",M100,
Charlotte,chrnc,United States,"Charlotte-Concord-Gastonia, NC-SC",United States,USM04,,"Charlotte, NC (US)",USA_CRQ,"Charlotte-Concord-Gastonia, NC-SC",M04,
Chelyabinsk,,Russian Federation,Chelyabinsk,Russia,RU_09,,,,,,
"Chengdu, Sichuan",,China,"Chengdu, Sichuan",China,CHNN1,,"Chengdu, Sichuan (CN)",CHN_CTU,,,
Chennai,,India,Chennai,India,IND056,,Chennai (IN),IND_MAA,,,
"Chenzhou, Hunan",,China,"Chenzhou, Hunan",China,CHNIA,,,,,,
Chicago,chcil,United States,"Chicago-Naperville-Elgin, IL-IN-WI",United States,USM05,,"Chicago, IL (US)",USA_CHI,"Chicago-Naperville-Elgin, IL-IN-WI - Total",M05,
Chiclayo,,Peru,Chiclayo,Peru,PEREC,,,,,,
"Chifeng, Inner Mongolia",,China,"Chifeng, Inner Mongolia",China,CHN54,,,,,,
Chihuahua,,Mexico,Chihuahua,Mexico,MEXEC,,,,,,
Chisinau,,Moldova,Chişinău,Moldova,MDA001,,,"Originally Chișinău, but replaced special characters",,,
Chittagong,,Bangladesh,Chittagong,Bangladesh,BGD001,,,,,,
Chongqing,,China,Chongqing,China,CHNM,,Chongqing (CN),CHN_CKG,,,
Christchurch,,New Zealand,Christchurch,New Zealand,NZL11,,Christchurch (NZ),NZL_CHC,,,
Cincinnati,cncoh,United States,"Cincinnati, OH-KY-IN",United States,USM29,,"Cincinnati, OH (US)",USA_CVG,"Cincinnati, OH-KY-IN",M29,
Ciudad Guayana,,Venezuela,Ciudad Guayana,Venezuela,VEN6C,,,,,,
Clermont-Ferrand,,France,Clermont-Ferrand - Metro,France,FR022C,,,,,,
Cleveland,clvoh,United States,"Cleveland-Elyria, OH",United States,USM26,,"Cleveland, OH (US)",USA_CLE,"Cleveland-Elyria, OH",M26,
Cochabamba,,Bolivia,Cochabamba,Bolivia,BOL001,,,,,,
Coimbatore,,India,Coimbatore,India,IND057,,,,,,
Cologne,colgn,Germany,Cologne - Metro,Germany,DE004C,,Cologne (DE),DEU_CGN,,,
Colombo,,Sri Lanka,Colombo,Sri Lanka,LKA001,,Colombo (LK),LKA_CMB,,,
"Colorado Springs, CO",,United States,"Colorado Springs, CO",United States,USM102,,,,"Colorado Springs, CO",M102,
"Columbia, SC",,United States,"Columbia, SC",United States,USM85,,,,"Columbia, SC",M85,
"Columbus, OH",clmoh,United States,"Columbus, OH",United States,USM33,,"Columbus, OH (US)",USA_CMH,"Columbus, OH",M33,
Conakry,,Guinea,Conakry,Guinea,GIN001,,,,,,
Concepción,,Chile,Concepción,Chile,CHL8C,,,,,,
Constantine,,Algeria,Constantine,Algeria,DZA003,,,,,,
Copenhagen,cpnhg,Denmark,Copenhagen - Metro,Denmark,DK001C,,Copenhagen (DK),DNK_CPH,,,
Córdoba,,Argentina,Córdoba,Argentina,ARG6C,,,,,,
Cotonou,,Benin,Cotonou,Benin,BEN001,,,,,,
Coventry,,United Kingdom,Coventry - Metro,United Kingdom,UK025C,,,,,,
Cracow,,Poland,Cracow - Metro,Poland,PL003C,,Cracow (PL),POL_KRK,,,
Cúcuta,,Colombia,Cúcuta,Colombia,COLIC,,,,,,
Cuernavaca,,Mexico,Cuernavaca,Mexico,MEXJC,,,,,,
Cuiabá RM,,Brazil,Cuiabá RM,Brazil,BRAB1,,Curitiba (BR),BRA_CWB,,,
Culiacán,,Mexico,Culiacán,Mexico,MEXPC,,,,,,
Curitiba RM,,Brazil,Curitiba RM,Brazil,BRAGA,,,,,,
Cuttack,,India,Cuttack,India,IND047,,,,,,
Da Nang,,Viet Nam,Da Nang,Vietnam,VNM4,,,,,,
Daegu,,South Korea,Daegu,South Korea,KOR3,,Daegu (KR),KOR_TAE,,,
Daejeon,,South Korea,Daejeon,South Korea,KOR6,,,,,,
Dakar,,Senegal,Dakar,Senegal,SEN001,,,,,,
"Dalian, Liaoning",,China,"Dalian, Liaoning",China,CHN62,,"Dalian, Liaoning (CN)",CHN_DXG,,,
Dallas,dlltx,United States,"Dallas-Fort Worth-Arlington, TX",United States,USM06,,"Dallas, TX (US)",USA_DLX,"Dallas-Fort Worth-Arlington, TX - Total",M06,
Dammam,,Saudi Arabia,Dammam,Saudi Arabia,SAU004,,,,,,
"Daqing, Heilongjiang",,China,"Daqing, Heilongjiang",China,CHN86,,,,,,
Dar es Salaam,,Tanzania,Dar Es Salaam,Tanzania,TZA001,,Dar Es Salaam (TZ),TZA_DAR,,,Changed from Dar Es to Dar es
Davao City,,Philippines,Davao City,Philippines,PHL14C,,,,,,
"Dayton, OH",,United States,"Dayton, OH",United States,USM68,,,,"Dayton, OH",M68,
"Dazhou, Sichuan",,China,"Dazhou, Sichuan",China,CHNNF,,,,,,
Delhi,,India,Delhi,India,IND011,,Delhi (IN),IND_DEL,,,
Denizli,,Turkey,Denizli - Metro,Turkey,TR_12,,,,,,
Denpasar,,Indonesia,Denpasar,Indonesia,IDNHC,,Denpasar (ID),IDN_DPS,,,
Denver,dnvco,United States,"Denver-Aurora-Lakewood, CO",United States,USM07,,"Denver, CO (US)",USA_DEN,"Denver-Aurora-Lakewood, CO",M07,
Derby,,United Kingdom,Derby - Metro,United Kingdom,UK518C,,,,,,
"Des Moines-West Des Moines, IA",,United States,"Des Moines-West Des Moines, IA",United States,USM89,"Des Moines, IA",,,"Des Moines-West Des Moines, IA",M89,
Detroit,dtrmi,United States,"Detroit-Warren-Dearborn, MI",United States,USM08,,"Detroit, MI (US)",USA_DET,"Detroit-Warren-Dearborn, MI - Total",M08,
"Deyang, Sichuan",,China,"Deyang, Sichuan",China,CHNN5,,,,,,
"Dezhou, Shandong",,China,"Dezhou, Shandong",China,CHNFE,,,,,,
Dhaka,,Bangladesh,Dhaka,Bangladesh,BGD002,,Dhaka (BD),BGD_DAC,,,
Dhanbad,,India,Dhanbad,India,IND021,,,,,,
Dijon,,France,Dijon - Metro,France,FR020C,,,,,,
Diyarbakir,,Turkey,Diyarbakir - Metro,Turkey,TR_10,,,,,,
Djibouti City,,Djibouti,Djibouti City,Djibouti,DJI001,,,,,,
Dnipropetrovsk,,Ukraine,Dnipro,Ukraine,UR_04,,,,,,
Dodoma,,Tanzania,Dodoma,Tanzania,TZA003,,,,,,
Doha,,Qatar,Doha,Qatar,QAT001,,Doha (QA),QAT_DOH,,,
"Dongguan, Guangdong",,China,"Dongguan, Guangdong",China,CHNJH,,"Dongguan, Guangdong (CN)",CHN_DGG,,,
"Dongying, Shandong",,China,"Dongying, Shandong",China,CHNF5,,,,,,
Dortmund,,Germany,,,,,Dortmund (DE),DEU_DTM,,,"GC has single Ruhr region, of which Dortmund is a city"
Douala,,Cameroon,Douala,Cameroon,CMR001,,,,,,
Dresden,,Germany,Dresden - Metro,Germany,DE009C,,Dresden (DE),DEU_DRS,,,
Dubai,dubai,United Arab Emirates,Dubai-Sharjah-Ajman,UAE,ARE5C,,Dubai (AE),ARE_DXB,,,
Dublin,dubln,Ireland,Dublin - Metro,Ireland,IE001C,,Dublin (IE),IRL_DUB,,,
Dubrovnik,,Croatia,,,,,Dubrovnik (HR),HRV_DBV,,,
Duisburg,,Germany,,,,,Duisburg (DE),DEU_DUI,,,"GC has single Ruhr region, of which Duisburg is a city"
Durban,,South Africa,Durban,South Africa,ZAF004,,Durban (ZA),ZAF_DUR,,,
"Durham-Chapel Hill, NC",,United States,"Durham-Chapel Hill, NC",United States,USM53,"Durham, NC",,,"Durham-Chapel Hill, NC",M53,
Dushanbe,,Tajikistan,Dushanbe,Tajikistan,TJK001,,,,,,
Dusseldorf,dssld,Germany,Dusseldorf - Metro,Germany,DE011C,,Dusseldorf DE),DEU_DUS,,,
Edinburgh,ednbr,United Kingdom,Edinburgh - Metro,United Kingdom,UK007C,,Edinburgh (UK),GBR_EDI,,,
Edmonton,,Canada,Edmonton,Canada,CANA_2,,Edmonton (CA),CAN_EDM,Edmonton,CANA_2,
Ehime,,Japan,Matsuyama MA,Japan,JPN_13,,Ehime (JP),JPN_MYJ,,,"The GC name refers to Matsuyama, the prefectural capital"
Eindhoven,,Netherlands,Eindhoven - Metro,Netherlands,NL005C,,,,,,
Ekaterinburg,,Russian Federation,Ekaterinburg,Russia,RU_04,,,,,,
El Paso,elptx,United States,"El Paso, TX",United States,USM34,,"El Paso, TX (US)",USA_ELP,"El Paso, TX",M34,
Enugu,,Nigeria,Enugu,Nigeria,NGA013,,,,,,
"Erdos, Inner Mongolia",,China,"Erdos, Inner Mongolia",China,CHN56,,,,,,
Erfurt,,Germany,Erfurt - Metro,Germany,DE032C,,,,,,
Esfahan,,Iran,Esfahan,Iran,IRN002,,,,,,
Essen,,Germany,,,,,Essen (DE),DEU_EEN,,,"GC has single Ruhr region, of which Essen is a city"
Faisalabad,,Pakistan,Faisalabad,Pakistan,PAK001,,,,,,
Faridabad,,India,Faridabad,India,IND017,,,,,,
Fès,,Morocco,Fès,Morocco,MAR003,,,,,,
Florence,,Italy,Florence - Metro,Italy,IT007C,,Florence (IT),ITA_FLR,,,
Florianópolis RM,,Brazil,Florianópolis RM,Brazil,BRAO1,,,,,,
Fortaleza RM,,Brazil,Fortaleza RM,Brazil,BRA63,,Fortaleza (BR),BRA_FOR,,,
"Foshan, Guangdong",,China,"Foshan, Guangdong",China,CHNJ6,,"Foshan, Guangdong (CN)",CHN_FOS,,,
Frankfurt,frnkf,Germany,Frankfurt am Main - Metro,Germany,DE005C,,Frankfurt (DE),DEU_FRA,,,
Freetown,,Sierra Leone,Freetown,Sierra Leone,SLE001,,,,,,
Freiburg im Breisgau,,Germany,Freiburg im Breisgau - Metro,Germany,DE027C,,,,,,
"Fresno, CA",,United States,"Fresno, CA",United States,USM69,,,,"Fresno, CA",M69,
Fukuoka-Kitakyushu MMA,,Japan,Kitakyushu-Fukuoka MMA,Japan,JPN_04,,Fukuoka (JP),JPN_FUK,,,
"Fuyang, Anhui",,China,"Fuyang, Anhui",China,CHNCB,,,,,,
"Fuzhou, Fujian",,China,"Fuzhou, Fujian",China,CHND1,,"Fuzhou, Fujian (CN)",CHN_FZP,,,
Gabarone,,Botswana,Gaborone,Botswana,BWA001,,,,,,
"Ganzhou, Jiangxi",,China,"Ganzhou, Jiangxi",China,CHNE7,,,,,,
Gaziantep,,Turkey,Gaziantep - Metro,Turkey,TR_06,,,,,,
Gdansk,,Poland,Gdansk - Metro,Poland,PL006C,,,,,,
General Santos,,Philippines,General Santos,Philippines,PHL15C,,,,,,
Geneva,,Switzerland,Geneva - Metro,Switzerland,CH002C,,Geneva (CH),CHE_GVA,,,
Genoa,,Italy,Genoa - Metro,Italy,IT006C,,Genova (IT),ITA_GOA,,,
Gent,,Belgium,Gent - Metro,Belgium,BE003C,,,,,,
Georgetown (Guyana),,Guyana,Georgetown (Guyana),Guyana,GUY001,,,,,,
Georgetown (Malaysia),,Malaysia,Georgetown (Malaysia),Malaysia,MYS9C,,Georgetown (MY),MYS_PEN,,,
Ghaziabad,,India,Ghaziabad,India,IND066,,,,,,
Glasgow,glsgw,United Kingdom,Glasgow - Metro,United Kingdom,UK004C,,Glasgow (UK),GBR_GLW,,,
Goiânia RM,,Brazil,Goiânia RM,Brazil,BRA91,,,,,,
Gomel,,Belarus,Gomel,Belarus,BLR001,,,,,,
Gorakhpur,,India,Gorakhpur,India,IND067,,,,,,
Gothenburg,,Sweden,Gothenburg - Metro,Sweden,SE002C,,Gothenburg (SE),SWE_GOT,,,
Granada,,Spain,Granada - Metro,Spain,ES501C,,,,,,
"Grand Rapids-Wyoming, MI",,United States,"Grand Rapids-Wyoming, MI",United States,USM79,"Grand Rapids, MI",,,"Grand Rapids-Wyoming, MI",M79,
Grande São Luís RM,,Brazil,Grande São Luís RM,Brazil,BRAA1,,,,,,
Graz,,Austria,Graz - Metro,Austria,AT002C,,,,,,
"Greensboro-High Point, NC",,United States,"Greensboro-High Point, NC",United States,USM70,"Greensboro, NC",,,"Greensboro-High Point, NC",M70,
"Greenville-Anderson-Mauldin, SC",,United States,"Greenville-Anderson-Mauldin, SC",United States,USM71,"Greenville, SC",,,"Greenville-Anderson-Mauldin, SC",M71,
Grenoble,,France,Grenoble - Metro,France,FR026C,,,,,,
Groningen,,Netherlands,Groningen - Metro,Netherlands,NL007C,,,,,,
Guadalajara,,Mexico,Guadalajara,Mexico,MEX2C,,Guadalajara (MX),MEX_GDL,,,
"Guangzhou, Guangdong",,China,"Guangzhou, Guangdong",China,CHNJ1,,"Guangzhou, Guangdong (CN)",CHN_GZP,,,
Guatemala City,,Guatemala,Guatemala City,Guatemala,GTM001,,,,,,
Guayaquil,,Ecuador,Guayaquil,Ecuador,ECU001,,Guayaquil (EC),ECU_GYE,,,
"Guigang, Guangxi",,China,"Guigang, Guangxi",China,CHNK8,,,,,,
"Guilin, Guangxi",,China,"Guilin, Guangxi",China,CHNK3,,,,,,
"Guiyang, Guizhou",,China,"Guiyang, Guizhou",China,CHNO1,,,,,,
Gujranwala,,Pakistan,Gujranwala,Pakistan,PAK002,,,,,,
Guntur,,India,Guntur,India,IND001,,,,,,
Guwahati,,India,Guwahati,India,IND006,,,,,,
Gwalior,,India,Gwalior,India,IND034,,,,,,
Gwangju,,South Korea,Gwangju,South Korea,KOR5,,,,,,
Hà Noi,,Viet Nam,Hà Noi,Vietnam,VNM2,,HÃ  Noi (VN),VNM_HAN,,,
Hai Phòng,,Viet Nam,Hai Phòng,Vietnam,VNM3,,,,,,
Haifa,,Israel,Haifa,Israel,ISR001,,,,,,
Halifax,,Canada,Halifax,Canada,CANG_1,,,,Halifax,CANG_1,
Halle an der Saale,,Germany,Halle an der Saale - Metro,Germany,DE018C,,,,,,
Hamburg,hmbrg,Germany,Hamburg - Metro,Germany,DE002C,,Hamburg (DE),DEU_HAM,,,
Hamilton,,Canada,Hamilton,Canada,CANH_3,,,,Hamilton,CANH_3,
"Handan, Hebei",,China,"Handan, Hebei",China,CHN34,,,,,,
"Hangzhou, Zhejiang",,China,"Hangzhou, Zhejiang",China,CHNB1,,"Hangzhou, Zhejiang (CN)",CHN_HGH,,,
Hanover,,Germany,Hanover - Metro,Germany,DE013C,,Hannover (DE),DEU_HAJ,,,
Harare,,Zimbabwe,Harare,Zimbabwe,ZWE001,,,,,,
"Harbin, Heilongjiang",,China,"Harbin, Heilongjiang",China,CHN81,,"Harbin, Heilongjiang (CN)",CHN_HRB,,,
"Harrisburg-Carlisle, PA",,United States,"Harrisburg-Carlisle, PA",United States,USM58,"Harrisburg, PA",,,"Harrisburg-Carlisle, PA",M58,
"Hartford-West Hartford-East Hartford, CT",,United States,"Hartford-West Hartford-East Hartford, CT",United States,USM54,,,,"Hartford-West Hartford-East Hartford, CT",M54,
Havana,,Cuba,Havana,Cuba,CUB001,,,,,,
"Hefei, Anhui",,China,"Hefei, Anhui",China,CHNC1,,,,,,
Helsinki,,Finland,Helsinki - Metro,Finland,FI001C,,Helsinki (FI),FIN_HEL,,,
"Hengshui, Hebei",,China,"Hengshui, Hebei",China,CHN3B,,,,,,
"Hengyang, Hunan",,China,"Hengyang, Hunan",China,CHNI4,,,,,,
Hermosillo,,Mexico,Hermosillo,Mexico,MEXQC,,,,,,
"Heze, Shandong",,China,"Heze, Shandong",China,CHNFH,,,,,,
Hiroshima MMA,,Japan,Hiroshima MMA,Japan,JPN_07,,Hiroshima (JP),JPN_HIJ,,,
Ho Chi Minh City,,Viet Nam,Ho Chi Minh City,Vietnam,VNM1,,Ho Chi Minh City (VN),VNM_SGN,,,
"Hohhot, Inner Mongolia",,China,"Hohhot, Inner Mongolia",China,CHN51,,,,,,
Hokkaido,,Japan,Sapporo MMA,Japan,JPN_06,,Hokkaido (JP),JPN_SPK,,,"The GC name refers to Sapporo, the largest city on Hokkaido island"
Hong Kong,hngkn,Hong Kong,"Hong Kong, China",China,HKG,,"Hong Kong, China (HK)",HKG_TOT,,,
Honolulu,hnlhi,United States,"Urban Honolulu, HI",United States,USM35,,"Honolulu, HI (US)",USA_HNL,"Urban Honolulu, HI",M35,
Houston,hsttx,United States,"Houston-The Woodlands-Sugar Land, TX",United States,USM09,,"Houston, TX (US)",USA_HKA,"Houston-The Woodlands-Sugar Land, TX",M09,
"Huaian, Jiangsu",,China,"Huaian, Jiangsu",China,CHNA8,,,,,,
"Huaihua, Hunan",,China,"Huaihua, Hunan",China,CHNIC,,,,,,
Huambo,,Angola,Huambo,Angola,AGO002,,,,,,
"Huanggang, Hubei",,China,"Huanggang, Hubei",China,CHNHA,,,,,,
Hubli-Dharwad,,India,Hubli-Dharwad,India,IND026,,,,,,
"Huizhou, Guangdong",,China,"Huizhou, Guangdong",China,CHNJB,,,,,,
"Huzhou, Zhejiang",,China,"Huzhou, Zhejiang",China,CHNB5,,,,,,
Hyderabad (India),,India,Hyderabad (India),India,IND002,,Hyderabad (IN),IND_HYD,,,
Hyderabad (Pakistan),,Pakistan,Hyderabad (Pakistan),Pakistan,PAK003,,,,,,
Iasi,,Romania,Iasi - Metro,Romania,RO502C,,,,,,
Ibadan,,Nigeria,Ibadan,Nigeria,NGA003,,,,,,
Ibagué,,Colombia,Ibagué,Colombia,COLNC,,,,,,
Ilorin,,Nigeria,Ilorin,Nigeria,NGA012,,,,,,
Incheon,,South Korea,Incheon,South Korea,KOR4,,Incheon (KR),KOR_INC,,,
Indianapolis,indin,United States,"Indianapolis-Carmel-Anderson, IN",United States,USM36,,"Indianapolis, IN (US)",USA_IND,"Indianapolis-Carmel-Anderson, IN",M36,
Indore,,India,Indore,India,IND035,,,,,,
Ipoh,,Malaysia,Ipoh,Malaysia,MYS7C,,,,,,
Irkutsk,,Russian Federation,Irkutsk,Russia,RU_23,,,,,,
Islamabad,,Pakistan,Islamabad,Pakistan,PAK004,,,,,,
Istanbul,,Turkey,Istanbul - Metro,Turkey,TR_01,,Istanbul (TR),TUR_IST,,,
Izhevsk,,Russian Federation,Izhevsk,Russia,RU_18,,,,,,
Izmir,,Turkey,Izmir - Metro,Turkey,TR_03,,Izmir (TR),TUR_IZM,,,
Jabalpur,,India,Jabalpur,India,IND036,,,,,,
Jacksonville,jckfl,United States,"Jacksonville, FL",United States,USM37,,"Jacksonville, FL (US)",USA_JAX,"Jacksonville, FL",M37,
Jaipur,,India,Jaipur,India,IND053,,,,,,
Jakarta,,Indonesia,Jakarta,Indonesia,IDNBC,,Jakarta (ID),IDN_JKT,,,
Jalandhar,,India,Jalandhar,India,IND050,,,,,,
Jambi,,Indonesia,Jambi,Indonesia,IDN6C,,,,,,
Jammu,,India,Jammu,India,IND018,,,,,,
Jamshedpur,,India,Jamshedpur,India,IND022,,,,,,
Jeddah,,Saudi Arabia,Jeddah,Saudi Arabia,SAU005,,Jeddah (SA),SAU_JED,,,
Jerusalem,,Israel,Jerusalem,Israel,ISR002,,,,,,
"Jiangmen, Guangdong",,China,"Jiangmen, Guangdong",China,CHNJ7,,,,,,
"Jiaozuo, Henan",,China,"Jiaozuo, Henan",China,CHNG8,,,,,,
"Jiaxing, Zhejiang",,China,"Jiaxing, Zhejiang",China,CHNB4,,,,,,
"Jieyang, Guangdong",,China,"Jieyang, Guangdong",China,CHNJK,,,,,,
"Jilin, Jilin",,China,"Jilin, Jilin",China,CHN72,,,,,,
"Jinan, Shandong",,China,"Jinan, Shandong",China,CHNF1,,"Jinan, Shandong (CN)",CHN_TNA,,,
"Jingzhou, Hubei",,China,"Jingzhou, Hubei",China,CHNH9,,,,,,
"Jinhua, Zhejiang",,China,"Jinhua, Zhejiang",China,CHNB7,,,,,,
"Jining, Shandong",,China,"Jining, Shandong",China,CHNF8,,,,,,
"Jiujiang, Jiangxi",,China,"Jiujiang, Jiangxi",China,CHNE4,,,,,,
João Pessoa RM,,Brazil,João Pessoa RM,Brazil,BRAF2,,,,,,
Jodhpur,,India,Jodhpur,India,IND054,,,,,,
Johannesburg,,South Africa,Johannesburg,South Africa,ZAF001,,Johannesburg (ZA),ZAF_JNB,,,
Johor Bahru,,Malaysia,Johor Bahru,Malaysia,MYS1C,,,,,,
Jos,,Nigeria,Jos,Nigeria,NGA014,,,,,,
Juárez,,Mexico,Juárez,Mexico,MEXEC2,,,,,,
Kabul,,Afghanistan,Kabul,Afghanistan,AFG001,,,,,,
Kaduna,,Nigeria,Kaduna,Nigeria,NGA006,,,,,,
Kagoshima MA,,Japan,Kagoshima MA,Japan,JPN_12,,Kagoshima (JP),JPN_KOJ,,,
Kahramanmaras,,Turkey,Kahramanmaras - Metro,Turkey,TR_13,,,,,,
"Kaifeng, Henan",,China,"Kaifeng, Henan",China,CHNG2,,,,,,
Kampala,,Uganda,Kampala,Uganda,UGA001,,,,,,
Kannur,,India,Kannur,India,IND029,,,,,,
Kano,,Nigeria,Kano,Nigeria,NGA002,,,,,,
Kanpur,,India,Kanpur,India,IND068,,,,,,
Kansas City,kncmo,United States,"Kansas City, MO-KS",United States,USM28,,"Kansas City, MO (US)",USA_KCK,"Kansas City, MO-KS",M28,
Kaohsiung,,Taiwan,Kaohsiung,Taiwan,TAI31,,,,,,
Karachi,,Pakistan,Karachi,Pakistan,PAK005,,Karachi (PK),PAK_KHI,,,
Karlsruhe,,Germany,Karlsruhe - Metro,Germany,DE035C,,,,,,
Kathmandu,,Nepal,Kathmandu,Nepal,NPL001,,Kathmandu (NP),NPL_KTM,,,
Katowice,,Poland,Katowice - Metro,Poland,PL010C,,,,,,
Kayseri,,Turkey,Kayseri - Metro,Turkey,TR_09,,,,,,
Kazan,,Russian Federation,Kazan,Russia,RU_08,,,,,,
Kerman,,Iran,Kerman,Iran,IRN004,,,,,,
Kermanshah,,Iran,Kermanshah,Iran,IRN005,,,,,,
Khabarovsk,,Russian Federation,Khabarovsk,Russia,RU_25,,,,,,
Kharkiv,,Ukraine,Kharkiv,Ukraine,UR_02,,,,,,
Khartoum,,Sudan,Khartoum,Sudan,SDN001,,,,,,
Khulna,,Bangladesh,Khulna,Bangladesh,BGD003,,,,,,
Kiel,,Germany,Kiel - Metro,Germany,DE039C,,,,,,
Kiev,,Ukraine,Kiev,Ukraine,UR_01,,Kiev (UA),UKR_IEV,,,
Kigali,,Rwanda,Kigali,Rwanda,RWA001,,,,,,
Kimberley,,South Africa,Kimberley,South Africa,ZAF006,,,,,,
Kingston,,Jamaica,Kingston,Jamaica,JAM001,,,,,,
Kingston upon Hull,,United Kingdom,Kingston upon Hull - Metro,United Kingdom,UK026C,,,,,,
Kinshasa,,"Congo, Dem. Rep.",Kinshasa,Democratic Republic of Congo,COD001,,,,,,
Kitwe,,Zambia,Kitwe,Zambia,ZMB002,,,,,,
"Knoxville, TN",,United States,"Knoxville, TN",United States,USM62,,,,"Knoxville, TN",M62,
Kochi,,India,Kochi,India,IND030,,,,,,
Kolkata,,India,Kolkata,India,IND075,,Kolkata (IN),IND_CCU,,,
Konya,,Turkey,Konya - Metro,Turkey,TR_07,,,,,,
Kota,,India,Kota,India,IND055,,,,,,
Kota Bharu,,Malaysia,Kota Bharu,Malaysia,MYS3C,,,,,,
Kota Kinabalu,,Malaysia,Kota Kinabalu,Malaysia,MYS10C,,,,,,
Kozhikode,,India,Kozhikode,India,IND031,,,,,,
Krasnodar,,Russian Federation,Krasnodar,Russia,RU_17,,,,,,
Krasnoyarsk,,Russian Federation,Krasnoyarsk,Russia,RU_14,,,,,,
Kuala Lumpur,,Malaysia,Kuala Lumpur,Malaysia,MYS14C,,Kuala Lumpur (MY),MYS_KUL,,,
Kuala Muda,,Malaysia,Kuala Muda,Malaysia,MYS2C,,,,,,
Kuantan,,Malaysia,Kuantan,Malaysia,MYS6C,,,,,,
Kuching,,Malaysia,Kuching,Malaysia,MYS11C,,,,,,
Kumamoto MA,,Japan,Kumamoto MMA,Japan,JPN_11,,Kumamoto (JP),JPN_KMJ,,,
Kumasi,,Ghana,Kumasi,Ghana,GHA002,,,,,,
"Kunming, Yunnan",,China,"Kunming, Yunnan",China,CHNP1,,"Kunming, Yunnan (CN)",CHN_KMG,,,
Kuwait City,,Kuwait,Kuwait City,Kuwait,KWT001,,Kuwait City (KW),KWT_KWI,,,
La Paz,,Bolivia,La Paz,Bolivia,BOL002,,La Paz (BO),BOL_LPB,,,
La Plata,,Argentina,La Plata,Argentina,ARG2C,,,,,,
Lagos,,Nigeria,Lagos,Nigeria,NGA001,,Lagos (NG),NGA_LOS,,,
Lahore,,Pakistan,Lahore,Pakistan,PAK006,,Lahore (PK),PAK_LHE,,,
"Langfang, Hebei",,China,"Langfang, Hebei",China,CHN3A,,,,,,
"Lanzhou, Gansu",,China,"Lanzhou, Gansu",China,CHNR1,,,,,,
Las Palmas,,Spain,Las Palmas - Metro,Spain,ES008C,,,,,,
Las Vegas,lsvnv,United States,"Las Vegas-Henderson-Paradise, NV",United States,USM30,,"Las Vegas, NV (US)",USA_LAS,"Las Vegas-Henderson-Paradise, NV",M30,
Lausanne,,Switzerland,Lausanne - Metro,Switzerland,CH005C,,,,,,
Leeds,leeds,United Kingdom,Leeds - Metro,United Kingdom,UK003C,,Leeds-Bradford (UK),GBR_LBA,,,
Leicester,,United Kingdom,Leicester - Metro,United Kingdom,UK014C,,Leicester (UK),GBR_LCS,,,
Leipzig,,Germany,Leipzig - Metro,Germany,DE008C,,Leipzig (DE),DEU_LEJ,,,
León,,Mexico,León,Mexico,MEX7C,,,,,,
"Lianyungang, Jiangsu",,China,"Lianyungang, Jiangsu",China,CHNA7,,,,,,
"Liaocheng, Shandong",,China,"Liaocheng, Shandong",China,CHNFF,,,,,,
Libreville,,Gabon,Libreville,Gabon,GAB001,,,,,,
Liege,,Belgium,Liege - Metro,Belgium,BE005C,,Liege (BE),BEL_LGG,,,
Lille,,France,Lille - Metro,France,FR009C,,Lille (FR),FRA_LLE,,,
Lilongwe,,Malawi,Lilongwe,Malawi,MWI001,,,,,,
Lima,,Peru,Lima,Peru,PERF,,Lima (PE),PER_LIM,,,
"Linfen, Shanxi",,China,"Linfen, Shanxi",China,CHN4A,,,,,,
"Linyi, Shandong",,China,"Linyi, Shandong",China,CHNFD,,,,,,
Linz,,Austria,Linz - Metro,Austria,AT003C,,,,,,
Lipetsk,,Russian Federation,Lipetsk,Russia,RU_33,,,,,,
Lisbon,,Portugal,Lisbon - Metro,Portugal,PT001C,,Lisbon (PT),PRT_LIS,,,
"Little Rock-North Little Rock-Conway, AR",,United States,"Little Rock-North Little Rock-Conway, AR",United States,USM87,"Little Rock, AR",,,"Little Rock-North Little Rock-Conway, AR",M87,
"Liuan, Anhui",,China,"Liuan, Anhui",China,CHNCE,,,,,,
"Liuzhou, Guangxi",,China,"Liuzhou, Guangxi",China,CHNK2,,,,,,
Liverpool,,United Kingdom,Liverpool - Metro,United Kingdom,UK006C,,Liverpool (UK),GBR_LIV,,,
Ljubljana,,Slovenia,Ljubljana - Metro,Slovenia,SI001C,,,,,,
Lodz,,Poland,Lodz - Metro,Poland,PL002C,,,,,,
Lomé,,Togo,Lomé,Togo,TGO001,,,,,,
London,londn,United Kingdom,London - Metro,United Kingdom,UK001C,,London (UK),GBR_LON,,,
Los Angeles,lsaca,United States,"Los Angeles-Long Beach-Anaheim, CA",United States,USM10,,"Los Angeles, CA (US)",USA_LAX,"Los Angeles-Long Beach-Anaheim, CA - Total",M10,
Louisville,lsvky,United States,"Louisville/Jefferson County, KY-IN",United States,USM38,,"Louisville, KY (US)",USA_LUI,"Louisville/Jefferson County, KY-IN",M38,
Luanda,,Angola,Luanda,Angola,AGO001,,Luanda (AO),AGO_LAD,,,
Lublin,,Poland,Lublin - Metro,Poland,PL009C,,,,,,
Lucknow,,India,Lucknow,India,IND069,,,,,,
Ludhiana,,India,Ludhiana,India,IND051,,,,,,
"Luoyang, Henan",,China,"Luoyang, Henan",China,CHNG3,,,,,,
Lusaka,,Zambia,Lusaka,Zambia,ZMB001,,,,,,
Luxembourg,,Luxembourg,Luxembourg - Metro,Luxembourg,LU001C,,,,,,
Luxor,,Egypt,Luxor,Egypt,EGY007,,,,,,
Lvov,,Ukraine,Lvov,Ukraine,UR_07,,,,,,
Lyon,,France,Lyon - Metro,France,FR003C,,Lyon (FR),FRA_LIO,,,
"Maanshan, Anhui",,China,"Maanshan, Anhui",China,CHNC5,,,,,,
"Macao, China",,Macao,"Macao, China",China,MAC,,"Macao, China (MO)",MAC_TOT,,,
Maceió RM,,Brazil,Maceió RM,Brazil,BRA21,,,,,,
"Madison, WI",mdswi,United States,"Madison, WI",United States,USM88,,,,"Madison, WI",M88,
Madrid,madrd,Spain,Madrid - Metro,Spain,ES001C,,Madrid (ES),ESP_MAD,,,
Madurai,,India,Madurai,India,IND058,,,,,,
Mahalla el-Kubra,,Egypt,Mahalla el-Kubra,Egypt,EGY005,,,,,,
Maiduguri,,Nigeria,Maiduguri,Nigeria,NGA011,,,,,,
Mainz,,Germany,Mainz - Metro,Germany,DE037C,,,,,,
Makassar,,Indonesia,Makassar,Indonesia,IDNOQC,,,,,,
Makhachkala,,Russian Federation,Makhachkala,Russia,RU_26,,,,,,
Malabo,,Equatorial Guinea,Malabo,Equatorial Guinea,GNQ001,,,,,,
Malacca,,Malaysia,Malacca,Malaysia,MYS5C,,Malacca (MY),MYS_MKZ,,,
Málaga,,Spain,Malaga - Metro,Spain,ES006C,,Málaga (ES),ESP_AGP,,,
Malatya,,Turkey,Malatya - Metro,Turkey,TR_17,,,,,,
Male,,Maldives,Male,Maldives,MDV001,,,,,,
Malmo,,Sweden,Malmo - Metro,Sweden,SE003C,,,,,,
Managua,,Nicaragua,Managua,Nicaragua,NIC001,,,,,,
Manama,,Bahrain,Manama,Bahrain,BHR001,,,,,,
Manaus RM,,Brazil,Manaus RM,Brazil,BRA41,,Manaus (BR),BRA_MAO,,,
Manchester,mnchs,United Kingdom,Manchester - Metro,United Kingdom,UK008C,,Manchester (UK),GBR_MNC,,,
Mandalay,,Myanmar,Mandalay,Myanmar,MMR001,,,,,,
Mangalore,,India,Mangalore,India,IND027,,,,,,
Manila,,Philippines,Manila,Philippines,PHL1,,Manila (PH),PHL_MNL,,,
Mannheim-Ludwigshafen,,Germany,Mannheim-Ludwigshafen - Metro,Germany,DE084C,,,,,,
"Maoming, Guangdong",,China,"Maoming, Guangdong",China,CHNJ9,,,,,,
Maputo,,Mozambique,Maputo,Mozambique,MOZ001,,,,,,
Maracaibo,,Venezuela,Maracaibo,Venezuela,VEN3C,,,,,,
Maracay,,Venezuela,Maracay,Venezuela,VEN5C,,,,,,
Marrakech,,Morocco,Marrakech,Morocco,MAR004,,Marrakech (MA),MAR_RAK,,,
Marseille,,France,Marseille - Metro,France,FR203C,,Marseille (FR),FRA_MRS,,,
Maseru,,Lesotho,Maseru,Lesotho,LSO001,,,,,,
Mashhad,,Iran,Mashhad,Iran,IRN006,,,,,,
Matamoros,,Mexico,Matamoros,Mexico,MEXSC3,,,,,,
Mbabane,,Eswatini,Mbabane,Eswatini,SWZ001,,,,,,
Mecca,,Saudi Arabia,Mecca,Saudi Arabia,SAU006,,Mecca (SA),SAU_MAK,,,
Medan,,Indonesia,Medan,Indonesia,IDN2C,,Medan (ID),IDN_MES,,,
Medellín,,Colombia,Medellín,Colombia,COL1C,,Medellín (CO),COL_MDE,,,
Medina,,Saudi Arabia,Medina,Saudi Arabia,SAU002,,Medina (SA),SAU_MED,,,
Meerut,,India,Meerut,India,IND070,,,,,,
Meknès,,Morocco,Meknès,Morocco,MAR007,,,,,,
Melbourne,,Australia,Melbourne,Australia,AUS_02,,Melbourne (AU),AUS_MEL,,,
Memphis,mmptn,United States,"Memphis, TN-MS-AR",United States,USM39,,"Memphis, TN (US)",USA_MEM,"Memphis, TN-MS-AR",M39,
Mendoza,,Argentina,Mendoza,Argentina,ARGDC,,,,,,
Mérida,,Mexico,Mérida,Mexico,MEXVC,,,,,,
Mexicali,,Mexico,Mexicali,Mexico,MEX5C2,,,,,,
Mexico City,,Mexico,Mexico City,Mexico,MEX1C,,Mexico City (MX),MEX_MEX,,,
Miami,mimfl,United States,"Miami-Fort Lauderdale-West Palm Beach, FL",United States,USM11,,"Miami, FL (US)",USA_MIA,"Miami-Fort Lauderdale-West Palm Beach, FL - Total",M11,
"Mianyang, Sichuan",,China,"Mianyang, Sichuan",China,CHNN6,,,,,,
Milan,milan,Italy,Milan - Metro,Italy,IT002C,,Milan (IT),ITA_MIL,,,
Milwaukee,mlwwi,United States,"Milwaukee-Waukesha-West Allis, WI",United States,USM40,,"Milwaukee, WI (US)",USA_MKE,"Milwaukee-Waukesha-West Allis, WI",M40,
Minneapolis,mnnmn,United States,"Minneapolis-St. Paul-Bloomington, MN-WI",United States,USM12,,"Minneapolis, MN (US)",USA_MES,"Minneapolis-St. Paul-Bloomington, MN-WI",M12,
Minsk,,Belarus,Minsk,Belarus,BLR002,,,,,,
Miyagi,,Japan,Sendai MMA,Japan,JPN_05,,Miyagi (JP),JPN_SDJ,,,"The GC name refers to Sendia, the capital of Miyagi prefecture"
Mombasa,,Kenya,Mombasa,Kenya,KEN002,,,,,,
Monrovia,,Liberia,Monrovia,Liberia,LBR001,,,,,,
Monterrey,,Mexico,Monterrey,Mexico,MEX3C,,Monterrey (MX),MEX_TTE,,,
Montevideo,,Uruguay,Montevideo,Uruguay,URY001,,Montevideo (UY),URY_MVD,,,
Montpellier,,France,Montpellier - Metro,France,FR010C,,,,,,
Montreal,moncn,Canada,Montréal,Canada,CANI_1,,Montreal (CA),CAN_MRE,Montreal,CANI_1,
Moradabad,,India,Moradabad,India,IND071,,,,,,
Morelia,,Mexico,Morelia,Mexico,MEXIC,,,,,,
Moscow,moscw,Russian Federation,Moscow,Russia,RU_01,,Moscow (RU),RUS_MOW,,,
Muenster,,Germany,Muenster - Metro,Germany,DE504C,,,,,,
Multan,,Pakistan,Multan,Pakistan,PAK007,,,,,,
Mumbai,,India,Mumbai,India,IND039,,Mumbai (IN),IND_BOM,,,
Munich,munch,Germany,Munich - Metro,Germany,DE003C,,Munich (DE),DEU_MUC,,,
Murcia,,Spain,Murcia - Metro,Spain,ES007C,,Murcia (ES),ESP_MJV,,,
Muscat,,Oman,Muscat,Oman,OMN001,,Muscat (OM),OMN_MCT,,,
Mwanza,,Tanzania,Mwanza,Tanzania,TZA004,,,,,,
Mykolaiv,,Ukraine,Mykolaiv,Ukraine,UR_08,,,,,,
Mysore,,India,Mysore,India,IND028,,,,,,
Nagpur,,India,Nagpur,India,IND040,,,,,,
Nairobi,,Kenya,Nairobi,Kenya,KEN001,,Nairobi (KE),KEN_NBO,,,
"Nanchang, Jiangxi",,China,"Nanchang, Jiangxi",China,CHNE1,,,,,,
"Nanchong, Sichuan",,China,"Nanchong, Sichuan",China,CHNNB,,,,,,
Nancy,,France,Nancy - Metro,France,FR016C,,,,,,
"Nanjing, Jiangsu",,China,"Nanjing, Jiangsu",China,CHNA1,,"Nanjing, Jiangsu (CN)",CHN_NJP,,,
"Nanning, Guangxi",,China,"Nanning, Guangxi",China,CHNK1,,,,,,
Nantes,,France,Nantes - Metro,France,FR008C,,,,,,
"Nantong, Jiangsu",,China,"Nantong, Jiangsu",China,CHNA6,,,,,,
"Nanyang, Henan",,China,"Nanyang, Henan",China,CHNGD,,,,,,
Naples,,Italy,Naples - Metro,Italy,IT003C,,Naples (IT),ITA_NAP,,,
Nashik,,India,Nashik,India,IND041,,,,,,
Nashville,nshtn,United States,"Nashville-Davidson--Murfreesboro--Franklin, TN",United States,USM41,,"Nashville, TN (US)",USA_BNA,"Nashville-Davidson--Murfreesboro--Franklin, TN",M41,
Nassau,,Bahamas,Nassau,Bahamas,BHS001,,,,,,
Natal RM,,Brazil,Natal RM,Brazil,BRAK1,,Natal (BR),BRA_NAT,,,
Nay Pyi Taw,,Myanmar,Nay Pyi Taw,Myanmar,MMR002,,,,,,
N'Djaména,,Chad,N'Djaména,Chad,TCD001,,,,,,
Ndola,,Zambia,Ndola,Zambia,ZMB003,,,,,,
Nelspruit,,South Africa,Nelspruit,South Africa,ZAF008,,,,,,
"New Haven-Milford, CT",,United States,"New Haven-Milford, CT",United States,USM82,"New Haven, CT",,,"New Haven-Milford, CT",M82,
New Orleans,nwola,United States,"New Orleans-Metairie, LA",United States,USM42,,"New Orleans, LA (US)",USA_MSY,"New Orleans-Metairie, LA",M42,
New York,nwyny,United States,"New York-Newark-Jersey City, NY-NJ-PA",United States,USM13,,"New York, NY (US)",USA_NYC,"New York-Newark-Jersey City, NY-NJ-PA - Total",M13,
Newcastle upon Tyne,,United Kingdom,Newcastle upon Tyne - Metro,United Kingdom,UK013C,,Newcastle upon Tyne (UK),GBR_NCL,,,
Niamey,,Niger,Niamey,Niger,NER001,,,,,,
Nice,,France,Nice - Metro,France,FR205C,,Nice-Cannes (FR),FRA_NCE,,,
Nicosia,,Cyprus,Nicosia - Metro,Cyprus,CY001C,,,,,,
Niigata MA,,Japan,Niigata MMA,Japan,JPN_10,Niigata,Niigata (JP),JPN_KIJ,,,
"Ningbo, Zhejiang",,China,"Ningbo, Zhejiang",China,CHNB2,,"Ningbo, Zhejiang (CN)",CHN_NBP,,,
Nizhniy Novgorod,,Russian Federation,Nizhniy Novgorod,Russia,RU_05,,,,,,
Norfolk,,United States,"Virginia Beach-Norfolk-Newport News, VA-NC",United States,USM50,,,,,,
Norte-Nordeste Catarinense RM,,Brazil,Norte/Nordeste Catarinense RM,Brazil,BRAO2,,,,,,Changed Norte/Nordeste to Norte-Nordeste to be safe for file names
"North Port-Sarasota-Bradenton, FL",,United States,"North Port-Sarasota-Bradenton, FL",United States,USM86,,,,"North Port-Sarasota-Bradenton, FL",M86,
Northampton,,United Kingdom,Northampton - Metro,United Kingdom,UK528C,,,,,,
Nottingham,,United Kingdom,Nottingham - Metro,United Kingdom,UK029C,,Nottingham (UK),GBR_NTG,,,
Nouakchott,,Mauritania,Nouakchott,Mauritania,MRT001,,,,,,
Novokuznetsk,,Russian Federation,Novokuznetsk,Russia,RU_27,,,,,,
Novosibirsk,,Russian Federation,Novosibirsk,Russia,RU_03,,,,,,
Nuremberg,,Germany,Nuremberg - Metro,Germany,DE014C,,Nuremberg (DE),DEU_NUE,,,
Oahu,,United States,"Urban Honolulu, HI",United States,USM35,,,,,,
Oaxaca,,Mexico,Oaxaca,Mexico,MEXLC,,,,,,
Odesa,,Ukraine,Odesa,Ukraine,UR_03,,,,,,
Ogbomosho,,Nigeria,Ogbomosho,Nigeria,NGA008,,,,,,
Okayama MA,,Japan,Okayama MMA,Japan,JPN_08,,Okayama (JP),JPN_OKJ,,,
Oklahoma City,okcok,United States,"Oklahoma City, OK",United States,USM43,,"Oklahoma City, OK (US)",USA_OKC,"Oklahoma City, OK",M43,
"Omaha-Council Bluffs, NE-IA",,United States,"Omaha-Council Bluffs, NE-IA",United States,USM81,"Omaha, NE",,,"Omaha-Council Bluffs, NE-IA",M81,
Omsk,,Russian Federation,Omsk,Russia,RU_07,,,,,,
Onitsha,,Nigeria,Onitsha,Nigeria,NGA009,,,,,,
Oran,,Algeria,Oran,Algeria,DZA002,,,,,,
Orenburg,,Russian Federation,Orenburg,Russia,RU_28,,,,,,
Orlando,orlfl,United States,"Orlando-Kissimmee-Sanford, FL",United States,USM27,,"Orlando, FL (US)",USA_ORL,"Orlando-Kissimmee-Sanford, FL",M27,
Orleans,,France,Orleans - Metro,France,FR019C,,,,,,
Orumiyeh,,Iran,Orumiyeh,Iran,IRN007,,,,,,
Osaka-Kyoto,,Japan,Osaka-Kyoto (Keihanshin MMA),Japan,JPN_02,,Osaka (JP),JPN_OSA,,,
Oslo,,Norway,Oslo - Metro,Norway,NO001C,,Oslo (NO),NOR_OSL,,,
Ostrava,,Czechia,Ostrava - Metro,Czech Republic,CZ003C,,,,,,
Ottawa-Gatineau,,Canada,Ottawa-Gatineau,Canada,CANH_2,Ottawa,Ottawa-Gatineau (CA),CAN_OTT,Ottawa,CANH_2,
Ouagadougou,,Burkina Faso,Ouagadougou,Burkina Faso,BFA001,,,,,,
Oxford,,United Kingdom,Oxford - Metro,United Kingdom,UK560C,,,,,,
"Oxnard-Thousand Oaks-Ventura, CA",,United States,"Oxnard-Thousand Oaks-Ventura, CA",United States,USM59,,,,"Oxnard-Thousand Oaks-Ventura, CA",M59,
Padang,,Indonesia,Padang,Indonesia,IDN3C,,,,,,
Padua,,Italy,Padua - Metro,Italy,IT028C,,,,,,
Palembang,,Indonesia,Palembang,Indonesia,IDN7C,,,,,,
Palermo,,Italy,Palermo - Metro,Italy,IT005C,,Palermo (IT),ITA_PMO,,,
Palma de Mallorca,,Spain,Palma de Mallorca - Metro,Spain,ES010C,,,,,,
Panama City,,Panama,Panama City,Panama,PAN001,,Panama City (PA),PAN_PTY,,,
Paramaribo,,Suriname,Paramaribo,Suriname,SUR001,,,,,,
Paris,paris,France,Paris - Metro,France,FR001C,,Paris (FR),FRA_PAR,,,
Patna,,India,Patna,India,IND007,,,,,,
Pekan Baru,,Indonesia,Pekan Baru,Indonesia,IDN45C,,,,,,
Penza,,Russian Federation,Penza,Russia,RU_32,,,,,,
Perm,,Russian Federation,Perm,Russia,RU_13,,,,,,
Perth,,Australia,Perth,Australia,AUS_04,,Perth (AU),AUS_PER,,,
Peshawar,,Pakistan,Peshawar,Pakistan,PAK008,,,,,,
Philadelphia,phlpa,United States,"Philadelphia-Camden-Wilmington, PA-NJ-DE-MD",United States,USM14,,"Philadelphia, PA (US)",USA_PHL,"Philadelphia-Camden-Wilmington, PA-NJ-DE-MD - Total",M14,
Phnom Penh,,Cambodia,Phnom Penh,Cambodia,KHM001,,Phnom Penh (KH),KHM_PNH,,,
Phoenix,phnaz,United States,"Phoenix-Mesa-Scottsdale, AZ",United States,USM15,,"Phoenix, AZ (US)",USA_PHX,"Phoenix-Mesa-Scottsdale, AZ",M15,
"Pingdingshan, Henan",,China,"Pingdingshan, Henan",China,CHNG4,,,,,,
Pittsburgh,pttpa,United States,"Pittsburgh, PA",United States,USM16,,"Pittsburgh, PA (US)",USA_PIT,"Pittsburgh, PA",M16,
Plovdiv,,Bulgaria,Plovdiv - Metro,Bulgaria,BG002C,,,,,,
Podgorica,,Montenegro,Podgorica,Montenegro,MNE001,,,,,,
Pointe-Noire,,"Congo, Rep.",Pointe-Noire,Congo,COG002,,,,,,
Polokwane,,South Africa,Polokwane,South Africa,ZAF009,,,,,,
Pondicherry,,India,Pondicherry,India,IND048,,,,,,
Pontianak,,Indonesia,Pontianak,Indonesia,IDNIC,,,,,,
Port Elizabeth,,South Africa,Port Elizabeth,South Africa,ZAF007,,,,,,
Port Harcourt,,Nigeria,Port Harcourt,Nigeria,NGA005,,,,,,
Port Louis,,Mauritius,Port Louis,Mauritius,MUS001,,,,,,
Port Moresby,,Papua New Guinea,Port Moresby,Papua New Guinea,PNG001,,,,,,
Port Said,,Egypt,Port Said,Egypt,EGY003,,,,,,
Port-Au-Prince,,Haiti,Port-Au-Prince,Haiti,HTI001,,,,,,
"Portland, OR",prtor,United States,"Portland-Vancouver-Hillsboro, OR-WA",United States,USM17,,"Portland, OR (US)",USA_PDX,"Portland-Vancouver-Hillsboro, OR-WA",M17,
Porto,,Portugal,Porto - Metro,Portugal,PT002C,,Porto (PT),PRT_OPO,,,
Pôrto Alegre RM,,Brazil,Pôrto Alegre RM,Brazil,BRAL5,,Pôrto Alegre (BR),BRA_POA,,,
Portsmouth,,United Kingdom,Portsmouth - Metro,United Kingdom,UK023C,,Portsmouth-Southampton (UK),GBR_PME,,,
Poznan,,Poland,Poznan - Metro,Poland,PL005C,,,,,,
Prague,pragu,Czechia,Prague - Metro,Czech Republic,CZ001C,,Prague (CZ),CZE_PRG,,,
Praia,,Cabo Verde,Praia,Cape Verde,CPV001,,,,,,
Pretoria,,South Africa,Pretoria,South Africa,ZAF005,,,,,,
Providence,prvri,United States,"Providence-Warwick, RI-MA",United States,USM44,,"Providence, RI (US)",USA_PVD,"Providence-Warwick, RI-MA",M44,
Puebla,,Mexico,Puebla,Mexico,MEX6C,,,,,,
Pune,,India,Pune,India,IND043,,Pune (IN),IND_PNQ,,,
"Puyang, Henan",,China,"Puyang, Henan",China,CHNG9,,,,,,
"Qingdao, Shandong",,China,"Qingdao, Shandong",China,CHNF2,,"Qingdao, Shandong (CN)",CHN_QDP,,,
"Qingyuan, Guangdong",,China,"Qingyuan, Guangdong",China,CHNJG,,,,,,
"Qinhuangdao, Hebei",,China,"Qinhuangdao, Hebei",China,CHN33,,,,,,
"Qiqihar, Heilongjiang",,China,"Qiqihar, Heilongjiang",China,CHN82,,,,,,
Qom,,Iran,Qom,Iran,IRN008,,,,,,
"Quanzhou, Fujian",,China,"Quanzhou, Fujian",China,CHND5,,,,,,
Québec,,Canada,Québec,Canada,CANI_2,Québec City,Québec (CA),CAN_QUE,Quebec City,CANI_2,
Querétaro,,Mexico,Querétaro,Mexico,MEXMC,,,,,,
Quetta,,Pakistan,Quetta,Pakistan,PAK009,,,,,,
Quito,,Ecuador,Quito,Ecuador,ECU002,,Quito (EC),ECU_UIO,,,
"Qujing, Yunnan",,China,"Qujing, Yunnan",China,CHNP2,,,,,,
Rabat,,Morocco,Rabat,Morocco,MAR002,,,,,,
Raipur,,India,Raipur,India,IND010,,,,,,
Rajkot,,India,Rajkot,India,IND014,,,,,,
Rajshahi,,Bangladesh,Rajshahi,Bangladesh,BGD004,,,,,,
"Raleigh, NC",,United States,"Raleigh, NC",United States,USM55,,,,"Raleigh, NC",M55,
Ranchi,,India,Ranchi,India,IND023,,,,,,
Rasht,,Iran,Rasht,Iran,IRN009,,,,,,
Rawalpindi,,Pakistan,Rawalpindi,Pakistan,PAK010,,,,,,
Recife RM,,Brazil,Recife RM,Brazil,BRAH5,Recife,Recife (BR),BRA_REC,,,
Rennes,,France,Rennes - Metro,France,FR013C,,,,,,
Reykjavik,,Iceland,Reykjavik,Iceland,ISL001,,,,,,
Reynosa,,Mexico,Reynosa,Mexico,MEXSC2,,,,,,
Ribeirao Prêto,,Brazil,Ribeirao Prêto,Brazil,BRAP3,,,,,,
Richmond,rchva,United States,"Richmond, VA",United States,USM45,,"Richmond, VA (US)",USA_RIC,"Richmond, VA",M45,
Riga,,Latvia,Riga - Metro,Latvia,LV001C,,Riga (LV),LVA_RIX,,,
Rio De Janeiro RM,,Brazil,Rio De Janeiro RM,Brazil,BRAJ6,,Rio De Janeiro (BR),BRA_RIO,,,
Riverside,rvrca,United States,"Riverside-San Bernardino-Ontario, CA",United States,USM18,,"Riverside, CA (US)",USA_RAL,"Riverside-San Bernardino-Ontario, CA",M18,
Riyadh,,Saudi Arabia,Riyadh,Saudi Arabia,SAU003,,Riyadh (SA),SAU_RUH,,,
"Rizhao, Shandong",,China,"Rizhao, Shandong",China,CHNFB,,,,,,
"Rochester, NY",rchny,United States,"Rochester, NY",United States,USM78,,,,"Rochester, NY",M78,
Rome,romex,Italy,Rome - Metro,Italy,IT001C,,Rome (IT),ITA_ROM,,,
Rosario,,Argentina,Rosario,Argentina,ARGLC,,,,,,
Rostov-on-Don,,Russian Federation,Rostov-on-Don,Russia,RU_10,,,,,,
Rotterdam,,Netherlands,Rotterdam - Metro,Netherlands,NL003C,,Rotterdam (NL),NLD_RTM,,,
Rouen,,France,Rouen - Metro,France,FR215C,,,,,,
Ruhr,,Germany,Ruhr - Metro,Germany,DE038C,,,,,,
Ryazan,,Russian Federation,Ryazan,Russia,RU_29,,,,,,
Sacramento,scrca,United States,"Sacramento--Roseville--Arden-Arcade, CA",United States,USM46,,"Sacramento, CA (US)",USA_SAC,"Sacramento--Roseville--Arden-Arcade, CA",M46,
Saint-Etienne,,France,Saint-Etienne - Metro,France,FR011C,,,,,,
Salem,,India,Salem,India,IND059,,,,,,
Salt Lake City,slcut,United States,"Salt Lake City, UT",United States,USM47,,"Salt Lake City, UT (US)",USA_SLC,"Salt Lake City, UT",M47,
Salta,,Argentina,Salta,Argentina,ARGHC,,,,,,
Saltillo,,Mexico,Saltillo,Mexico,MEXBC,,,,,,
Salvador RM,,Brazil,Salvador RM,Brazil,BRA55,Salvador,Salvador (BR),BRA_SSA,,,
Samara,,Russian Federation,Samara,Russia,RU_06,,,,,,
Samarinda,,Indonesia,Samarinda,Indonesia,IDNLC,,,,,,
Samsun,,Turkey,Samsun - Metro,Turkey,TR_11,,,,,,
San Antonio,snatx,United States,"San Antonio-New Braunfels, TX",United States,USM48,,"San Antonio, TX (US)",USA_SAT,"San Antonio-New Braunfels, TX",M48,
San Diego,sndca,United States,"San Diego-Carlsbad, CA",United States,USM19,,"San Diego, CA (US)",USA_SAN,"San Diego-Carlsbad, CA",M19,
San Francisco,snfca,United States,"San Francisco-Oakland-Hayward, CA",United States,USM20,,"San Francisco, CA (US)",USA_SFO,"San Francisco-Oakland-Hayward, CA - Total",M20,
San José,,Costa Rica,San José,Costa Rica,CRI001,,San José (CR),CRI_SJO,,,
San Jose del Monte,,Philippines,San Jose del Monte,Philippines,PHL5C,,,,,,
"San Jose, CA",snjca,United States,"San Jose-Sunnyvale-Santa Clara, CA",United States,USM21,,"San Jose, CA (US)",USA_SJC,"San Jose-Sunnyvale-Santa Clara, CA",M21,
San Juan,,Puerto Rico,San Juan,Puerto Rico,PRI1,,,,,,
San Luis Potosí,,Mexico,San Luis Potosí,Mexico,MEXOC,,,,,,
San Miguel De Tucumán,,Argentina,San Miguel De Tucumán,Argentina,ARGOC,,,,,,
San Salvador,,El Salvador,San Salvador,El Salvador,SLV001,,,,,,
Santa Cruz,,Bolivia,Santa Cruz,Bolivia,BOL003,,,,,,
Santa Cruz de Tenerife,,Spain,Santa Cruz de Tenerife - Metro,Spain,ES025C,,,,,,
Santiago,,Chile,Santiago,Chile,CHLD,,Santiago (CL),CHL_SCL,,,
Santo Domingo,,Dominican Republic,Santo Domingo,Dominican Republic,DOM002,,,,,,
Sao José dos Campos,,Brazil,Sao José dos Campos,Brazil,BRAP4,,,,,,
Sao Paulo,saopl,Brazil,São Paulo RM,Brazil,BRAPF,,Sao Paulo (BR),BRA_SAO,,,
Saragossa,,Spain,Saragossa - Metro,Spain,ES005C,,Zaragoza (ES),ESP_ZAZ,,,"Zaragoza, also called Saragossa"
Sarajevo,,Bosnia and Herzegovina,Sarajevo,Bosnia and Herzegovina,BIH001,,,,,,
Saratov,,Russian Federation,Saratov,Russia,RU_16,,,,,,
Savannah,,United States,,,,,,,"Savannah, GA",M173,
Seattle,sttwa,United States,"Seattle-Tacoma-Bellevue, WA",United States,USM22,,"Seattle, WA (US)",USA_SEA,"Seattle-Tacoma-Bellevue, WA - Total",M22,
Semarang,,Indonesia,Semarang,Indonesia,IDNEC,,,,,,
Seoul,,South Korea,Seoul,South Korea,KOR1,,Seoul (KR),KOR_SEL,,,
Seremban,,Malaysia,Seremban,Malaysia,MYS4C,,,,,,
Seville,,Spain,Seville - Metro,Spain,ES004C,,Sevilla (ES),ESP_SVQ,,,
Sfax,,Tunisia,Sfax,Tunisia,TUN002,,,,,,
Shanghai,,China,Shanghai,China,CHN9,,Shanghai (CN),CHN_SHA,,,
"Shangqiu, Henan",,China,"Shangqiu, Henan",China,CHNGE,,,,,,
"Shangrao, Jiangxi",,China,"Shangrao, Jiangxi",China,CHNEB,,,,,,
"Shantou, Guangdong",,China,"Shantou, Guangdong",China,CHNJ5,,,,,,
"Shaoxing, Zhejiang",,China,"Shaoxing, Zhejiang",China,CHNB6,,,,,,
"Shaoyang, Hunan",,China,"Shaoyang, Hunan",China,CHNI5,,,,,,
Sharjah,,United Arab Emirates,,,,,Sharjah (AE),ARE_SHJ,,,
Sheffield,,United Kingdom,Sheffield - Metro,United Kingdom,UK010C,,Sheffield (UK),GBR_SHE,,,
"Shenyang, Liaoning",,China,"Shenyang, Liaoning",China,CHN61,,"Shenyang, Liaoning (CN)",CHN_SHE,,,
Shenzhen,,China,Shenzhen,China,CHNJ3,,Shenzhen (CN),CHN_SZX,,,
"Shijiazhuang, Hebei",,China,"Shijiazhuang, Hebei",China,CHN31,,"Shijiazhuang, Hebei (CN)",CHN_SJW,,,
Shiraz,,Iran,Shiraz,Iran,IRN010,,,,,,
Shizuoka MMA,,Japan,Shizuoka-Hamamatsu MMA,Japan,JPN_09,,Shizuoka (JP),JPN_SHO,,,
Singapore,sngpr,Singapore,Singapore,Singapore,SGP,,Singapore (SG),SGP_TOT,,,
Skopje,,North Macedonia,Skopje,North Macedonia,MKD001,,,,,,
Sofia,,Bulgaria,Sofia - Metro,Bulgaria,BG001C,,Sofia (BG),BGR_SOF,,,
Solapur,,India,Solapur,India,IND044,,,,,,
Sorocaba,,Brazil,Sorocaba,Brazil,BRAP5,,,,,,
Sousse,,Tunisia,Sousse,Tunisia,TUN003,,,,,,
Southampton,,United Kingdom,Southampton - Metro,United Kingdom,UK520C,,,,,,
Srinagar,,India,Srinagar,India,IND019,,,,,,
St Petersburg,,Russian Federation,St Petersburg,Russia,RU_02,,St Petersburg (RU),RUS_LED,,,
St. Louis,stlmo,United States,"St. Louis, MO-IL",United States,USM23,,"St. Louis, MO (US)",USA_STL,"St. Louis, MO-IL",M23,
Stockholm,,Sweden,Stockholm - Metro,Sweden,SE001C,,Stockholm (SE),SWE_STO,,,
"Stockton-Lodi, CA",,United States,"Stockton-Lodi, CA",United States,USM60,,,,"Stockton-Lodi, CA",M60,
Strasbourg,,France,Strasbourg - Metro,France,FR006C,,Strasbourg (FR),FRA_SXB,,,
Stuttgart,stttg,Germany,Stuttgart - Metro,Germany,DE007C,,Stuttgart (DE),DEU_STR,,,
Suez,,Egypt,Suez,Egypt,EGY004,,,,,,
"Suihua, Heilongjiang",,China,"Suihua, Heilongjiang",China,CHN8C,,,,,,
"Suqian, Jiangsu",,China,"Suqian, Jiangsu",China,CHNAD,,,,,,
Surabaya,,Indonesia,Surabaya,Indonesia,IDNGC,,Surabaya (ID),IDN_SUB,,,
Surat,,India,Surat,India,IND015,,Surat (IN),IND_STV,,,
Suva,,Fiji,Suva,Fiji,FJI001,,,,,,
"Suzhou, Anhui",,China,"Suzhou, Anhui",China,CHNCC,,,,,,
"Suzhou, Jiangsu",,China,"Suzhou, Jiangsu",China,CHNA5,,"Suzhou, Jiangsu (CN)",CHN_SZH,,,
Sydney,sydny,Australia,Sydney,Australia,AUS_01,,Sydney (AU),AUS_SYD,,,
"Syracuse, NY",,United States,"Syracuse, NY",United States,USM105,,,,"Syracuse, NY",M105,
Szczecin,,Poland,Szczecin - Metro,Poland,PL007C,,,,,,
Tabriz,,Iran,Tabriz,Iran,IRN011,,,,,,
"Taian, Shandong",,China,"Taian, Shandong",China,CHNF9,,,,,,
Taichung,,Taiwan,Taichung,Taiwan,TAI21,,Taichung (TW),TAW_TXG,,,
Tainan,,Taiwan,Tainan,Taiwan,TAI33,,Tainan (TW),TAW_TNN,,,
Taipei,,Taiwan,Taipei,Taiwan,TAI11C,,Taipei (TW),TAW_TPE,,,
"Taiyuan, Shanxi",,China,"Taiyuan, Shanxi",China,CHN41,,,,,,
"Taizhou, Jiangsu",,China,"Taizhou, Jiangsu",China,CHNAC,,,,,,
"Taizhou, Zhejiang",,China,"Taizhou, Zhejiang",China,CHNBA,,,,,,
Tallinn,,Estonia,Tallinn - Metro,Estonia,EE001C,,Tallin (EE),EST_TLL,,,
Tampa,tmpfl,United States,"Tampa-St. Petersburg-Clearwater, FL",United States,USM24,,"Tampa-St. Pete., FL (US)",USA_TPA,"Tampa-St. Petersburg-Clearwater, FL",M24,
Tampere,,Finland,Tampere - Metro,Finland,FI002C,,,,,,
Tampico,,Mexico,Tampico,Mexico,MEXSC,,,,,,
Tangier,,Morocco,Tangier,Morocco,MAR005,,,,,,
"Tangshan, Hebei",,China,"Tangshan, Hebei",China,CHN32,,,,,,
Taoyuan,,Taiwan,Taoyuan,Taiwan,TAI16,,Taoyuan (TW),TAW_TYN,,,
Tashkent,,Uzbekistan,Tashkent,Uzbekistan,UZB001,,,,,,
Tbilisi,,Georgia,Tbilisi,Georgia,GEO001,,,,,,
Tegucigalpa,,Honduras,Tegucigalpa,Honduras,HND002,,,,,,
Tehran,,Iran,Tehran,Iran,IRN012,,Tehran (IR),IRN_THR,,,
Tel Aviv,,Israel,Tel Aviv,Israel,ISR003,,Tel Aviv (IL),ISR_TLV,,,
Teresina,,Brazil,Teresina,Brazil,BRAI1,,,,,,
The Hague,,Netherlands,The Hague - Metro,Netherlands,NL001C,,The Hague (NL),NLD_HA9,,,
Thessaloniki,,Greece,Thessaloniki - Metro,Greece,EL002C,,Thessaloniki (GR),GRC_SKG,,,
Thiruvananthapuram,,India,Thiruvananthapuram,India,IND032,,,,,,
Tianjin,,China,Tianjin,China,CHN2,,Tianjin (CN),CHN_TSN,,,
Tijuana,,Mexico,Tijuana,Mexico,MEX5C,,Tijuana (MX),MEX_TIJ,,,
Tirana,,Albania,Tirana,Albania,ALB001,,,,,,
Tiruchirappalli,,India,Tiruchirappalli,India,IND060,,,,,,
Tiruppur,,India,Tiruppur,India,IND061,,,,,,
Tokyo,tokyo,Japan,Tokyo (Kanto MMA),Japan,JPN_01,,Tokyo (JP),JPN_TYO,,,
"Toledo, OH",,United States,"Toledo, OH",United States,USM72,,,,"Toledo, OH",M72,
Toluca,,Mexico,Toluca,Mexico,MEX4C,,,,,,
Tomsk,,Russian Federation,Tomsk,Russia,RU_30,,,,,,
Toronto,torcn,Canada,Toronto,Canada,CANH_1,,Toronto (CA),CAN_TOR,Toronto,CANH_1,
Toulon,,France,Toulon - Metro,France,FR032C,,,,,,
Toulouse,,France,Toulouse - Metro,France,FR004C,,Toulouse (FR),FRA_TLS,,,
Tours,,France,Tours - Metro,France,FR035C,,,,,,
Tripoli,,Libya,Tripoli,Libya,LBY001,,,,,,
Trujillo,,Peru,Trujillo,Peru,PERDC,,,,,,
Tucson,tcsaz,United States,"Tucson, AZ",United States,USM49,,"Tucson, AZ (US)",USA_TUZ,"Tucson, AZ",M49,
Tula,,Russian Federation,Tula,Russia,RU_34,,,,,,
"Tulsa, OK",,United States,"Tulsa, OK",United States,USM73,,,,"Tulsa, OK",M73,
Tunis,,Tunisia,Tunis,Tunisia,TUN001,,Tunis (TN),TUN_TUN,,,
Turin,,Italy,Turin - Metro,Italy,IT004C,,Turin (IT),ITA_TRN,,,
Tuxtla Gutiérrez,,Mexico,Tuxtla Gutiérrez,Mexico,MEXDC,,,,,,
Tyumen,,Russian Federation,Tyumen,Russia,RU_24,,,,,,
Ufa,,Russian Federation,Ufa,Russia,RU_11,,,,,,
Ulaanbaatar,,Mongolia,Ulaanbaatar,Mongolia,MON001,,,,,,
Ulsan,,South Korea,Ulsan,South Korea,KOR7,,,,,,
Ulyanovsk,,Russian Federation,Ulyanovsk,Russia,RU_19,,,,,,
"Urumqi, Xinjiang",,China,"Urumqi, Xinjiang",China,CHNU1,,,,,,
Utrecht,,Netherlands,Utrecht - Metro,Netherlands,NL004C,,,,,,
Utsunomiya MA,,Japan,Utsunomiya MA,Japan,JPN_14,,,,,,
Vadodara,,India,Vadodara,India,IND016,,,,,,
Valencia (Spain),,Spain,Valencia - Metro (Spain),Spain,ES003C,,Valencia (ES),ESP_VLC,,,
Valencia (Venezuela),,Venezuela,Valencia (Venezuela),Venezuela,VEN4C,,,,,,
Valladolid,,Spain,Valladolid - Metro,Spain,ES009C,,,,,,
Valletta,,Malta,Valletta - Metro,Malta,MT001C,,,,,,
Valparaíso,,Chile,Valparaíso,Chile,CHL5C,,,,,,
Vancouver,vnccn,Canada,Vancouver,Canada,CANB_1,,Vancouver (CA),CAN_VAN,Vancouver,CANB_1,
Varanasi,,India,Varanasi,India,IND072,,,,,,
Varna,,Bulgaria,Varna - Metro,Bulgaria,BG003C,,,,,,
Venice,,Italy,Venice - Metro,Italy,IT011C,,Venice (IT),ITA_VCE,,,
Veracruz,,Mexico,Veracruz,Mexico,MEXUC,,,,,,
Verona,,Italy,Verona - Metro,Italy,IT012C,,,,,,
Vienna,vienn,Austria,Vienna - Metro,Austria,AT001C,,Vienna (AT),AUT_VIE,,,
Vientiane,,Lao People's Democratic Republic,Vientiane,Lao PDR,LAO001,,,,,,
Vigo,,Spain,Vigo - Metro,Spain,ES022C,,,,,,
Vijayawada,,India,Vijayawada,India,IND003,,,,,,
Vilnius,,Lithuania,Vilnius - Metro,Lithuania,LT001C,,Vilnius (LT),LTU_VNO,,,
Virginia Beach,vrbva,United States,"Virginia Beach-Norfolk-Newport News, VA-NC",United States,USM50,,"Virginia Beach, VA (US)",USA_VAB,"Virginia Beach-Norfolk-Newport News, VA-NC",M50,
Visakhapatnam,,India,Visakhapatnam,India,IND004,,,,,,
Vladivostok,,Russian Federation,Vladivostok,Russia,RU_21,,,,,,
Volgograd,,Russian Federation,Volgograd,Russia,RU_12,,,,,,
Voronezh,,Russian Federation,Voronezh,Russia,RU_15,,,,,,
Warangal,,India,Warangal,India,IND005,,,,,,
Warsaw,warsw,Poland,Warsaw - Metro,Poland,PL001C,,Warsaw (PL),POL_WRS,,,
Washington DC,wshdc,United States,"Washington-Arlington-Alexandria, DC-VA-MD-WV",United States,USM25,Washington DC,Washington DC (US),USA_WAS,"Washington-Arlington-Alexandria, DC-VA-MD-WV - Total",M25,
"Weifang, Shandong",,China,"Weifang, Shandong",China,CHNF7,,,,,,
"Weihai, Shandong",,China,"Weihai, Shandong",China,CHNFA,,,,,,
"Weinan, Shaanxi",,China,"Weinan, Shaanxi",China,CHNQ5,,,,,,
Wellington,,New Zealand,Wellington,New Zealand,NZL9,,Wellington (NZ),NZL_WLG,,,
"Wenzhou, Zhejiang",,China,"Wenzhou, Zhejiang",China,CHNB3,,"Wenzhou, Zhejiang (CN)",CHN_WZP,,,
"Wichita, KS",,United States,"Wichita, KS",United States,USM107,,,,"Wichita, KS",M107,
Wiesbaden,,Germany,Wiesbaden - Metro,Germany,DE020C,,,,,,
Windhoek,,Namibia,Windhoek,Namibia,NAM001,,,,,,
Winnipeg,,Canada,Winnipeg,Canada,CANC_1,,Winnipeg (CA),CAN_WNP,Winnipeg,CANC_1,
"Winston-Salem, NC",,United States,"Winston-Salem, NC",United States,USM106,,,,"Winston-Salem, NC",M106,
"Worcester, MA",,United States,"Worcester, MA-CT",United States,USM80,,,,"Worcester, MA-CT",M80,
Wroclaw,,Poland,Wroclaw - Metro,Poland,PL004C,,,,,,
"Wuhan, Hubei",,China,"Wuhan, Hubei",China,CHNH1,,"Wuhan, Hubei (CN)",CHN_WUH,,,
"Wuhu, Anhui",,China,"Wuhu, Anhui",China,CHNC2,,,,,,
"Wuxi, Jiangsu",,China,"Wuxi, Jiangsu",China,CHNA2,,"Wuxi, Jiangsu (CN)",CHN_WUX,,,
Xalapa,,Mexico,Xalapa,Mexico,MEXUC2,,,,,,
"Xiamen, Fujian",,China,"Xiamen, Fujian",China,CHND2,,"Xiamen, Fujian (CN)",CHN_XMP,,,
"Xian, Shaanxi",,China,"Xian, Shaanxi",China,CHNQ1,,,,,,
"Xiangfan, Hubei",,China,"Xiangfan, Hubei",China,CHNH5,,,,,,
"Xianyang, Shaanxi",,China,"Xianyang, Shaanxi",China,CHNQ4,,"Xianyang, Shaanxi (CN)",CHN_XYA,,,
"Xiaogan, Hubei",,China,"Xiaogan, Hubei",China,CHNH8,,,,,,
"Xingtai, Hebei",,China,"Xingtai, Hebei",China,CHN35,,,,,,
"Xinxiang, Henan",,China,"Xinxiang, Henan",China,CHNG7,,,,,,
"Xinyang, Henan",,China,"Xinyang, Henan",China,CHNGF,,,,,,
"Xuchang, Henan",,China,"Xuchang, Henan",China,CHNGA,,,,,,
"Xuzhou, Jiangsu",,China,"Xuzhou, Jiangsu",China,CHNA3,,,,,,
Yamoussoukro,,Cote d'Ivoire,Yamoussoukro,Côte d'Ivoire,CIV002,,,,,,
"Yancheng, Jiangsu",,China,"Yancheng, Jiangsu",China,CHNA9,,,,,,
Yangon,,Myanmar,Yangon,Myanmar,MMR003,,Yangon (MM),MMR_RGN,,,
"Yangzhou, Jiangsu",,China,"Yangzhou, Jiangsu",China,CHNAA,,,,,,
"Yantai, Shandong",,China,"Yantai, Shandong",China,CHNF6,,"Yantai, Shandong (CN)",CHN_YTP,,,
Yaoundé,,Cameroon,Yaoundé,Cameroon,CMR002,,,,,,
Yaroslavl,,Russian Federation,Yaroslavl,Russia,RU_22,,,,,,
Yerevan,,Armenia,Yerevan,Armenia,ARM001,,,,,,
"Yibin, Sichuan",,China,"Yibin, Sichuan",China,CHNND,,,,,,
"Yichang, Hubei",,China,"Yichang, Hubei",China,CHNH4,,,,,,
"Yichun, Jiangxi",,China,"Yichun, Jiangxi",China,CHNE9,,,,,,
Yogyakarta,,Indonesia,Yogyakarta,Indonesia,IDNFC,,,,,,
"Yongzhou, Hunan",,China,"Yongzhou, Hunan",China,CHNIB,,,,,,
"Yueyang, Hunan",,China,"Yueyang, Hunan",China,CHNI6,,,,,,
"Yulin, Shaanxi",,China,"Yulin, Shaanxi",China,CHNQ8,,,,,,
"Yuncheng, Shanxi",,China,"Yuncheng, Shanxi",China,CHN48,,,,,,
Zagreb,,Croatia,Zagreb - Metro,Croatia,HR001C,,Zagreb (HR),HRV_ZAG,,,
Zahedan,,Iran,Zahedan,Iran,IRN013,,,,,,
Zamboanga City,,Philippines,Zamboanga City,Philippines,PHL12C,,,,,,
"Zaozhuang, Shandong",,China,"Zaozhuang, Shandong",China,CHNF4,,,,,,
Zaporizhzhya,,Ukraine,Zaporizhzhya,Ukraine,UR_06,,,,,,
Zaria,,Nigeria,Zaria,Nigeria,NGA016,,,,,,
"Zhangjiakou, Hebei",,China,"Zhangjiakou, Hebei",China,CHN37,,,,,,
"Zhangzhou, Fujian",,China,"Zhangzhou, Fujian",China,CHND6,,,,,,
"Zhanjiang, Guangdong",,China,"Zhanjiang, Guangdong",China,CHNJ8,,,,,,
"Zhaoqing, Guangdong",,China,"Zhaoqing, Guangdong",China,CHNJA,,,,,,
"Zhaotong, Yunnan",,China,"Zhaotong, Yunnan",China,CHNP5,,,,,,
"Zhengzhou, Henan",,China,"Zhengzhou, Henan",China,CHNG1,,"Zhengzhou, Henan (CN)",CHN_CGO,,,
"Zhenjiang, Jiangsu",,China,"Zhenjiang, Jiangsu",China,CHNAB,,,,,,
"Zhongshan, Guangdong",,China,"Zhongshan, Guangdong",China,CHNJI,,,,,,
"Zhoukou, Henan",,China,"Zhoukou, Henan",China,CHNGG,,,,,,
"Zhuhai, Guangdong",,China,"Zhuhai, Guangdong",China,CHNJ4,,,,,,
"Zhumadian, Henan",,China,"Zhumadian, Henan",China,CHNGH,,,,,,
"Zhuzhou, Hunan",,China,"Zhuzhou, Hunan",China,CHNI2,,,,,,
"Zibo, Shandong",,China,"Zibo, Shandong",China,CHNF3,,,,,,
"Ziyang, Sichuan",,China,"Ziyang, Sichuan",China,CHNNI,,,,,,
"Zunyi, Guizhou",,China,"Zunyi, Guizhou",China,CHNO3,,,,,,
Zurich,zurch,Switzerland,Zurich - Metro,Switzerland,CH001C,,Zurich (CH),CHE_ZRH,,,
